Workbook

Sheet Instrucciones
B3: Descargar datos de valores del IBEX, último año (SAN, TEF, ACS, AENA): https://es.finance.yahoo.com/quote/%5EIBEX/components
B4: Convertir .csv a .xlsx, moverse por una tabla, seleccionar valores
B5: Copiar y pegar y pegar valores, copiar y pegar fórmulas
B6: Operaciones básicas: suma, resta, multiplicar, dividar y potencias
B7: Gráficos: representación de series de datos
B10: Sacar máximo, mínimo, promedio, desviación típica
B11: Cálculo de rendimientos, todos los valores | U11: CALCULAR LA RENTABILIDAD DE UNA CARTERA
B12: Buscar el precio de cierre ajustado de Iberdrola a 28/08/2023 | G12: =VLOOKUP(DATE(2023,8,28), IBE.MC!A:F, 6, FALSE) -> 10.819673
B15: Calcular la rentabilidad de una cartera que invierte a partes iguales, un 20% en cada una de las 5 acciones | J15: =AVERAGE('Datos acciones'!C2:G2) -> 0.23706323
B16: Calcular la rentabilidad de una cartera con distintas combinaciones de pesos: | L16: Peso SAN | M16: Peso TEF | N16: Peso ACS | O16: Peso IBE | P16: Peso IAG | Q16: Rentabilidad Cartera | R16: Mejor Rentabilidad
B17: Obtener la combinación de pesos que mejor rentabilidad dio en el año | K17: Estrategia 1 | L17: 0.1 | M17: 0.3 | N17: 0.3 | O17: 0.2 | P17: =1-SUM(L17:O17) -> 0.1 | Q17: =SUMPRODUCT(L17:P17, 'Datos acciones'!$C$2:$G$2) -> 0.20327561 | R17: =IF(Q17=MAX($Q$17:$Q$22), "ÓPTIMO", " ")
K18: Estrategia 2 | L18: 0.4 | M18: 0 | N18: 0.3 | O18: 0.3 | P18: =1-SUM(L18:O18) -> 0 | Q18: =SUMPRODUCT(L18:P18, 'Datos acciones'!$C$2:$G$2) -> 0.32276832 | R18: =IF(Q18=MAX($Q$17:$Q$22), "ÓPTIMO", " ") -> ÓPTIMO
K19: Estrategia 3 | L19: 0.3 | M19: 0.3 | N19: 0.3 | O19: 0.1 | P19: =1-SUM(L19:O19) -> 0 | Q19: =SUMPRODUCT(L19:P19, 'Datos acciones'!$C$2:$G$2) -> 0.29286454 | R19: =IF(Q19=MAX($Q$17:$Q$22), "ÓPTIMO", " ")
B20: Pintar las gráficas de payoff de un futuro y una opción sobre IAG, con strike 3 | K20: Estrategia 4 | L20: 0 | M20: 0 | N20: 0.3 | O20: 0.3 | P20: =1-SUM(L20:O20) -> 0.4 | Q20: =SUMPRODUCT(L20:P20, 'Datos acciones'!$C$2:$G$2) -> 0.17530622 | R20: =IF(Q20=MAX($Q$17:$Q$22), "ÓPTIMO", " ")
B21: Comparar la compra de acciones de IAG vs compra de opciones call, en función del valor final del subyacente | K21: Estrategia 5 | L21: 0.2 | M21: 0.1 | N21: 0.4 | O21: 0.2 | P21: =1-SUM(L21:O21) -> 0.1 | Q21: =SUMPRODUCT(L21:P21, 'Datos acciones'!$C$2:$G$2) -> 0.26797305 | R21: =IF(Q21=MAX($Q$17:$Q$22), "ÓPTIMO", " ")
R22: =IF(Q22=MAX($Q$17:$Q$22), "OPTIMO", " ")
K25: Precio IAG (ST​) | L25: Payoff Futuro (K=3) | M25: Payoff Call (Strike=3)
K26: 0 | L26: =K26-3 -> -3 | M26: =MAX(L26,0) -> 0
K27: 0.5 | L27: =K27-3 -> -2.5 | M27: =MAX(L27,0) -> 0
K28: 1 | L28: =K28-3 -> -2 | M28: =MAX(L28,0) -> 0
K29: 1.5 | L29: =K29-3 -> -1.5 | M29: =MAX(L29,0) -> 0
K30: 2 | L30: =K30-3 -> -1 | M30: =MAX(L30,0) -> 0
K31: 2.5 | L31: =K31-3 -> -0.5 | M31: =MAX(L31,0) -> 0
K32: 3 | L32: =K32-3 -> 0 | M32: =MAX(L32,0) -> 0
K33: 3.5 | L33: =K33-3 -> 0.5 | M33: =MAX(L33,0) -> 0.5
K34: 4 | L34: =K34-3 -> 1 | M34: =MAX(L34,0) -> 1
K35: 4.5 | L35: =K35-3 -> 1.5 | M35: =MAX(L35,0) -> 1.5
K36: 5 | L36: =K36-3 -> 2 | M36: =MAX(L36,0) -> 2
K37: 6 | L37: =K37-3 -> 3 | M37: =MAX(L37,0) -> 3
O40: Comparar la compra de acciones de IAG vs compra de opciones call, en función del valor final del subyacente
O41: Al comparar la compra de acciones (representada por el payoff lineal del futuro) frente a
O42: la compra de la opción Call, se observa que la principal diferencia radica en el perfil de
O43: riesgo ante el valor final del subyacente. Mientras que la acción obliga al inversor a asumir
O44: íntegramente las pérdidas si IAG cotiza por debajo de 3€, la opción Call permite limitar
O45: dicha pérdida, transformando un perfil de riesgo lineal en uno convexo. Esta asimetría
O46: justifica el pago de la prima, actuando como un seguro contra escenarios adversos.

Sheet Datos acciones
L1: FORMULA PARA EL RENDIMIENTO ANUAL | Q1: FORMULA PARA LAVOLATILIDAD ANUALIZADA
B2: Rentabilidad anual | C2: =(C9/C263)-1 -> 0.55754737 | D2: =(D9/D263)-1 -> 0.10637876 | E2: =(E9/E263)-1 -> 0.30218452 | F2: =(F9/F263)-1 -> 0.0303134 | G2: =(G9/G263)-1 -> 0.1888921 | H2: =(H9/H263)-1 -> 0.20707711
B3: Máximo anual | C3: =MAX('Datos acciones'!C9:C263) -> 4.8505 | D3: =MAX('Datos acciones'!D9:D263) -> 4.222 | E3: =MAX('Datos acciones'!E9:E263) -> 40.59 | F3: =MAX('Datos acciones'!F9:F263) -> 11.832326 | G3: =MAX('Datos acciones'!G9:G263) -> 2.07 | H3: =MAX('Datos acciones'!H9:H263) -> 11154.6
B4: Mínimo anual | C4: =MIN(C9:C263) -> 2.975902 | D4: =MIN(D9:D263) -> 3.382783 | E4: =MIN(E9:E263) -> 28.557291 | F4: =MIN(F9:F263) -> 9.725415 | G4: =MIN(G9:G263) -> 1.5865 | H4: =MIN(H9:H263) -> 8918.2998
B5: Promedio | C5: =AVERAGE(C9:C263) -> 3.6239312 | D5: =AVERAGE(D9:D263) -> 3.6922153 | E5: =AVERAGE(E9:E263) -> 33.899087 | F5: =AVERAGE(F9:F263) -> 10.977865 | G5: =AVERAGE(G9:G263) -> 1.812951 | H5: =AVERAGE(H9:H263) -> 9743.9992 | J5: # de días en la serie
B6: Volatilidad | C6: =_xlfn.STDEV.S(J9:J263) * SQRT($J$6) -> 0.22998037 | D6: =_xlfn.STDEV.S(K9:K263) * SQRT($J$6) -> 0.18455345 | E6: =_xlfn.STDEV.S(L9:L263) * SQRT($J$6) -> 0.18769308 | F6: =_xlfn.STDEV.S(M9:M263) * SQRT($J$6) -> 0.16227155 | G6: =_xlfn.STDEV.S(N9:N263) * SQRT($J$6) -> 0.28580962 | H6: =_xlfn.STDEV.S(O9:O263) * SQRT($J$6) -> 0.12243702 | I6: (Rendi) | J6: =COUNT(J9:J262) -> 254
J7: RENDIMIENTOS DIARIOS
B8: Date | C8: SAN_Adj Close | D8: TEF_Adj Close | E8: ACS_Adj Close | F8: IBE_Adj Close | G8: IAG_Adj Close | H8: IBEX35_Adj Close | J8: SAN_Adj Close | K8: TEF_Adj Close | L8: ACS_Adj Close | M8: IBE_Adj Close | N8: IAG_Adj Close | O8: IBEX35_Adj Close
B9: 45408 | C9: =VLOOKUP(B9, SAN.MC!$A$1:$G$256, 6, 0) -> 4.8505 | D9: =VLOOKUP(B9, TEF.MC!$A$1:$G$256, 6, 0) -> 4.222 | E9: =VLOOKUP(B9, ACS.MC!$A$1:$G$256, 6, 0) -> 37.82 | F9: =VLOOKUP(B9, IBE.MC!$A$1:$G$256, 6, 0) -> 11.61 | G9: =VLOOKUP(B9, IAG.MC!$A$1:$G$256, 6, 0) -> 2.055 | H9: =VLOOKUP(B9, IBEX35!$A$1:$G$256, 6, 0) -> 11154.6 | J9: =LN(C9/C10) -> 0.021358316 | K9: =LN(D9/D10) -> 0.017200615 | L9: =LN(E9/E10) -> 0.0031779423 | M9: =LN(F9/F10) -> 0.013004084 | N9: =LN(G9/G10) -> 0.0014609206 | O9: =LN(H9/H10) -> 0.01543956
B10: 45407 | C10: =VLOOKUP(B10, SAN.MC!$A$1:$G$256, 6, 0) -> 4.748 | D10: =VLOOKUP(B10, TEF.MC!$A$1:$G$256, 6, 0) -> 4.15 | E10: =VLOOKUP(B10, ACS.MC!$A$1:$G$256, 6, 0) -> 37.700001 | F10: =VLOOKUP(B10, IBE.MC!$A$1:$G$256, 6, 0) -> 11.46 | G10: =VLOOKUP(B10, IAG.MC!$A$1:$G$256, 6, 0) -> 2.052 | H10: =VLOOKUP(B10, IBEX35!$A$1:$G$256, 6, 0) -> 10983.7 | J10: =LN(C10/C11) -> -0.0066124618 | K10: =LN(D10/D11) -> 0.0077407256 | L10: =LN(E10/E11) -> -0.017355155 | M10: =LN(F10/F11) -> -0.006089623 | N10: =LN(G10/G11) -> -0.0038910555 | O10: =LN(H10/H11) -> -0.0040069663
B11: 45406 | C11: =VLOOKUP(B11, SAN.MC!$A$1:$G$256, 6, 0) -> 4.7795 | D11: =VLOOKUP(B11, TEF.MC!$A$1:$G$256, 6, 0) -> 4.118 | E11: =VLOOKUP(B11, ACS.MC!$A$1:$G$256, 6, 0) -> 38.360001 | F11: =VLOOKUP(B11, IBE.MC!$A$1:$G$256, 6, 0) -> 11.53 | G11: =VLOOKUP(B11, IAG.MC!$A$1:$G$256, 6, 0) -> 2.06 | H11: =VLOOKUP(B11, IBEX35!$A$1:$G$256, 6, 0) -> 11027.8 | J11: =LN(C11/C12) -> 0.0067177748 | K11: =LN(D11/D12) -> -0.0053281792 | L11: =LN(E11/E12) -> -0.0031233497 | M11: =LN(F11/F12) -> -0.0008669268 | N11: =LN(G11/G12) -> 0.0048661897 | O11: =LN(H11/H12) -> -0.0043071283
B12: 45405 | C12: =VLOOKUP(B12, SAN.MC!$A$1:$G$256, 6, 0) -> 4.7475 | D12: =VLOOKUP(B12, TEF.MC!$A$1:$G$256, 6, 0) -> 4.14 | E12: =VLOOKUP(B12, ACS.MC!$A$1:$G$256, 6, 0) -> 38.48 | F12: =VLOOKUP(B12, IBE.MC!$A$1:$G$256, 6, 0) -> 11.54 | G12: =VLOOKUP(B12, IAG.MC!$A$1:$G$256, 6, 0) -> 2.05 | H12: =VLOOKUP(B12, IBEX35!$A$1:$G$256, 6, 0) -> 11075.4 | J12: =LN(C12/C13) -> 0.017101697 | K12: =LN(D12/D13) -> 0.010929071 | L12: =LN(E12/E13) -> 0.00051991164 | M12: =LN(F12/F13) -> 0.0078295311 | N12: =LN(G12/G13) -> 0.0083272585 | O12: =LN(H12/H13) -> 0.016863148
B13: 45404 | C13: =VLOOKUP(B13, SAN.MC!$A$1:$G$256, 6, 0) -> 4.667 | D13: =VLOOKUP(B13, TEF.MC!$A$1:$G$256, 6, 0) -> 4.095 | E13: =VLOOKUP(B13, ACS.MC!$A$1:$G$256, 6, 0) -> 38.459999 | F13: =VLOOKUP(B13, IBE.MC!$A$1:$G$256, 6, 0) -> 11.45 | G13: =VLOOKUP(B13, IAG.MC!$A$1:$G$256, 6, 0) -> 2.033 | H13: =VLOOKUP(B13, IBEX35!$A$1:$G$256, 6, 0) -> 10890.2 | J13: =LN(C13/C14) -> 0.033886775 | K13: =LN(D13/D14) -> 0.021723886 | L13: =LN(E13/E14) -> 0.0062597492 | M13: =LN(F13/F14) -> 0.0096534317 | N13: =LN(G13/G14) -> 0.032494736 | O13: =LN(H13/H14) -> 0.014866363
B14: 45401 | C14: =VLOOKUP(B14, SAN.MC!$A$1:$G$256, 6, 0) -> 4.5115 | D14: =VLOOKUP(B14, TEF.MC!$A$1:$G$256, 6, 0) -> 4.007 | E14: =VLOOKUP(B14, ACS.MC!$A$1:$G$256, 6, 0) -> 38.220001 | F14: =VLOOKUP(B14, IBE.MC!$A$1:$G$256, 6, 0) -> 11.34 | G14: =VLOOKUP(B14, IAG.MC!$A$1:$G$256, 6, 0) -> 1.968 | H14: =VLOOKUP(B14, IBEX35!$A$1:$G$256, 6, 0) -> 10729.5 | J14: =LN(C14/C15) -> -0.0072880181 | K14: =LN(D14/D15) -> 0.012051364 | L14: =LN(E14/E15) -> -0.0015685755 | M14: =LN(F14/F15) -> 0.0039761484 | N14: =LN(G14/G15) -> -0.0065839691 | O14: =LN(H14/H15) -> -0.0033031736
B15: 45400 | C15: =VLOOKUP(B15, SAN.MC!$A$1:$G$256, 6, 0) -> 4.5445 | D15: =VLOOKUP(B15, TEF.MC!$A$1:$G$256, 6, 0) -> 3.959 | E15: =VLOOKUP(B15, ACS.MC!$A$1:$G$256, 6, 0) -> 38.279999 | F15: =VLOOKUP(B15, IBE.MC!$A$1:$G$256, 6, 0) -> 11.295 | G15: =VLOOKUP(B15, IAG.MC!$A$1:$G$256, 6, 0) -> 1.981 | H15: =VLOOKUP(B15, IBEX35!$A$1:$G$256, 6, 0) -> 10765 | J15: =LN(C15/C16) -> 0.028230606 | K15: =LN(D15/D16) -> 0.011687125 | L15: =LN(E15/E16) -> -0.0098779333 | M15: =LN(F15/F16) -> 0.0075539128 | N15: =LN(G15/G16) -> 0.05392701 | O15: =LN(H15/H16) -> 0.012253083
B16: 45399 | C16: =VLOOKUP(B16, SAN.MC!$A$1:$G$256, 6, 0) -> 4.418 | D16: =VLOOKUP(B16, TEF.MC!$A$1:$G$256, 6, 0) -> 3.913 | E16: =VLOOKUP(B16, ACS.MC!$A$1:$G$256, 6, 0) -> 38.66 | F16: =VLOOKUP(B16, IBE.MC!$A$1:$G$256, 6, 0) -> 11.21 | G16: =VLOOKUP(B16, IAG.MC!$A$1:$G$256, 6, 0) -> 1.877 | H16: =VLOOKUP(B16, IBEX35!$A$1:$G$256, 6, 0) -> 10633.9 | J16: =LN(C16/C17) -> 0.013903358 | K16: =LN(D16/D17) -> 0.0074387928 | L16: =LN(E16/E17) -> 0.0135419 | M16: =LN(F16/F17) -> 0.0071620718 | N16: =LN(G16/G17) -> 0.016924514 | O16: =LN(H16/H17) -> 0.010113125 | Q16: FORMULA PARA CALCULAR RENDIMIENTO LOGARITMICO
B17: 45398 | C17: =VLOOKUP(B17, SAN.MC!$A$1:$G$256, 6, 0) -> 4.357 | D17: =VLOOKUP(B17, TEF.MC!$A$1:$G$256, 6, 0) -> 3.884 | E17: =VLOOKUP(B17, ACS.MC!$A$1:$G$256, 6, 0) -> 38.139999 | F17: =VLOOKUP(B17, IBE.MC!$A$1:$G$256, 6, 0) -> 11.13 | G17: =VLOOKUP(B17, IAG.MC!$A$1:$G$256, 6, 0) -> 1.8455 | H17: =VLOOKUP(B17, IBEX35!$A$1:$G$256, 6, 0) -> 10526.9 | J17: =LN(C17/C18) -> -0.025716512 | K17: =LN(D17/D18) -> -0.0099911168 | L17: =LN(E17/E18) -> 0.013196286 | M17: =LN(F17/F18) -> -0.011612457 | N17: =LN(G17/G18) -> -0.019319088 | O17: =LN(H17/H18) -> -0.015112859
B18: 45397 | C18: =VLOOKUP(B18, SAN.MC!$A$1:$G$256, 6, 0) -> 4.4705 | D18: =VLOOKUP(B18, TEF.MC!$A$1:$G$256, 6, 0) -> 3.923 | E18: =VLOOKUP(B18, ACS.MC!$A$1:$G$256, 6, 0) -> 37.639999 | F18: =VLOOKUP(B18, IBE.MC!$A$1:$G$256, 6, 0) -> 11.26 | G18: =VLOOKUP(B18, IAG.MC!$A$1:$G$256, 6, 0) -> 1.8815 | H18: =VLOOKUP(B18, IBEX35!$A$1:$G$256, 6, 0) -> 10687.2 | J18: =LN(C18/C19) -> 0.0050457022 | K18: =LN(D18/D19) -> -0.0091348009 | L18: =LN(E18/E19) -> -0.0074113365 | M18: =LN(F18/F19) -> 0.00088849406 | N18: =LN(G18/G19) -> -0.010310732 | O18: =LN(H18/H19) -> 0.0001123084
B19: 45394 | C19: =VLOOKUP(B19, SAN.MC!$A$1:$G$256, 6, 0) -> 4.448 | D19: =VLOOKUP(B19, TEF.MC!$A$1:$G$256, 6, 0) -> 3.959 | E19: =VLOOKUP(B19, ACS.MC!$A$1:$G$256, 6, 0) -> 37.919998 | F19: =VLOOKUP(B19, IBE.MC!$A$1:$G$256, 6, 0) -> 11.25 | G19: =VLOOKUP(B19, IAG.MC!$A$1:$G$256, 6, 0) -> 1.901 | H19: =VLOOKUP(B19, IBEX35!$A$1:$G$256, 6, 0) -> 10686 | J19: =LN(C19/C20) -> -0.0017969457 | K19: =LN(D19/D20) -> 0.0073520422 | L19: =LN(E19/E20) -> 0.0084746274 | M19: =LN(F19/F20) -> 0.011173301 | N19: =LN(G19/G20) -> -0.037175164 | O19: =LN(H19/H20) -> 0.0033933792
B20: 45393 | C20: =VLOOKUP(B20, SAN.MC!$A$1:$G$256, 6, 0) -> 4.456 | D20: =VLOOKUP(B20, TEF.MC!$A$1:$G$256, 6, 0) -> 3.93 | E20: =VLOOKUP(B20, ACS.MC!$A$1:$G$256, 6, 0) -> 37.599998 | F20: =VLOOKUP(B20, IBE.MC!$A$1:$G$256, 6, 0) -> 11.125 | G20: =VLOOKUP(B20, IAG.MC!$A$1:$G$256, 6, 0) -> 1.973 | H20: =VLOOKUP(B20, IBEX35!$A$1:$G$256, 6, 0) -> 10649.8 | J20: =LN(C20/C21) -> -0.026683011 | K20: =LN(D20/D21) -> -0.0025412974 | L20: =LN(E20/E21) -> 0.0015969394 | M20: =LN(F20/F21) -> 0.010390877 | N20: =LN(G20/G21) -> -0.0392597 | O20: =LN(H20/H21) -> -0.011687542
B21: 45392 | C21: =VLOOKUP(B21, SAN.MC!$A$1:$G$256, 6, 0) -> 4.5765 | D21: =VLOOKUP(B21, TEF.MC!$A$1:$G$256, 6, 0) -> 3.94 | E21: =VLOOKUP(B21, ACS.MC!$A$1:$G$256, 6, 0) -> 37.540001 | F21: =VLOOKUP(B21, IBE.MC!$A$1:$G$256, 6, 0) -> 11.01 | G21: =VLOOKUP(B21, IAG.MC!$A$1:$G$256, 6, 0) -> 2.052 | H21: =VLOOKUP(B21, IBEX35!$A$1:$G$256, 6, 0) -> 10775 | J21: =LN(C21/C22) -> 0.0024064768 | K21: =LN(D21/D22) -> -0.0085924208 | L21: =LN(E21/E22) -> -0.0063727778 | M21: =LN(F21/F22) -> -0.010390877 | N21: =LN(G21/G22) -> 0.0083191084 | O21: =LN(H21/H22) -> -0.0037978833
B22: 45391 | C22: =VLOOKUP(B22, SAN.MC!$A$1:$G$256, 6, 0) -> 4.5655 | D22: =VLOOKUP(B22, TEF.MC!$A$1:$G$256, 6, 0) -> 3.974 | E22: =VLOOKUP(B22, ACS.MC!$A$1:$G$256, 6, 0) -> 37.779999 | F22: =VLOOKUP(B22, IBE.MC!$A$1:$G$256, 6, 0) -> 11.125 | G22: =VLOOKUP(B22, IAG.MC!$A$1:$G$256, 6, 0) -> 2.035 | H22: =VLOOKUP(B22, IBEX35!$A$1:$G$256, 6, 0) -> 10816 | J22: =LN(C22/C23) -> -0.016401823 | K22: =LN(D22/D23) -> 0.00075519198 | L22: =LN(E22/E23) -> -0.0026434591 | M22: =LN(F22/F23) -> -0.0053787669 | N22: =LN(G22/G23) -> -0.0058794878 | O22: =LN(H22/H23) -> -0.0088182353
B23: 45390 | C23: =VLOOKUP(B23, SAN.MC!$A$1:$G$256, 6, 0) -> 4.641 | D23: =VLOOKUP(B23, TEF.MC!$A$1:$G$256, 6, 0) -> 3.971 | E23: =VLOOKUP(B23, ACS.MC!$A$1:$G$256, 6, 0) -> 37.880001 | F23: =VLOOKUP(B23, IBE.MC!$A$1:$G$256, 6, 0) -> 11.185 | G23: =VLOOKUP(B23, IAG.MC!$A$1:$G$256, 6, 0) -> 2.047 | H23: =VLOOKUP(B23, IBEX35!$A$1:$G$256, 6, 0) -> 10911.8 | J23: =LN(C23/C24) -> 0.011812654 | K23: =LN(D23/D24) -> -0.0015098141 | L23: =LN(E23/E24) -> -0.00052787014 | M23: =LN(F23/F24) -> -0.0057945337 | N23: =LN(G23/G24) -> 0.023728251 | O23: =LN(H23/H24) -> -0.00038484823
B24: 45387 | C24: =VLOOKUP(B24, SAN.MC!$A$1:$G$256, 6, 0) -> 4.5865 | D24: =VLOOKUP(B24, TEF.MC!$A$1:$G$256, 6, 0) -> 3.977 | E24: =VLOOKUP(B24, ACS.MC!$A$1:$G$256, 6, 0) -> 37.900002 | F24: =VLOOKUP(B24, IBE.MC!$A$1:$G$256, 6, 0) -> 11.25 | G24: =VLOOKUP(B24, IAG.MC!$A$1:$G$256, 6, 0) -> 1.999 | H24: =VLOOKUP(B24, IBEX35!$A$1:$G$256, 6, 0) -> 10916 | J24: =LN(C24/C25) -> -0.019218903 | K24: =LN(D24/D25) -> -0.020901482 | L24: =LN(E24/E25) -> -0.0089309756 | M24: =LN(F24/F25) -> -0.015873349 | N24: =LN(G24/G25) -> -0.03102933 | O24: =LN(H24/H25) -> -0.015895385
B25: 45386 | C25: =VLOOKUP(B25, SAN.MC!$A$1:$G$256, 6, 0) -> 4.6755 | D25: =VLOOKUP(B25, TEF.MC!$A$1:$G$256, 6, 0) -> 4.061 | E25: =VLOOKUP(B25, ACS.MC!$A$1:$G$256, 6, 0) -> 38.240002 | F25: =VLOOKUP(B25, IBE.MC!$A$1:$G$256, 6, 0) -> 11.43 | G25: =VLOOKUP(B25, IAG.MC!$A$1:$G$256, 6, 0) -> 2.062 | H25: =VLOOKUP(B25, IBEX35!$A$1:$G$256, 6, 0) -> 11090.9 | J25: =LN(C25/C26) -> 0.01987321 | K25: =LN(D25/D26) -> 0.0041949475 | L25: =LN(E25/E26) -> -0.012474148 | M25: =LN(F25/F26) -> 0.0017513139 | N25: =LN(G25/G26) -> 0.010726578 | O25: =LN(H25/H26) -> 0.0052976715
B26: 45385 | C26: =VLOOKUP(B26, SAN.MC!$A$1:$G$256, 6, 0) -> 4.5835 | D26: =VLOOKUP(B26, TEF.MC!$A$1:$G$256, 6, 0) -> 4.044 | E26: =VLOOKUP(B26, ACS.MC!$A$1:$G$256, 6, 0) -> 38.720001 | F26: =VLOOKUP(B26, IBE.MC!$A$1:$G$256, 6, 0) -> 11.41 | G26: =VLOOKUP(B26, IAG.MC!$A$1:$G$256, 6, 0) -> 2.04 | H26: =VLOOKUP(B26, IBEX35!$A$1:$G$256, 6, 0) -> 11032.3 | J26: =LN(C26/C27) -> 0.015057712 | K26: =LN(D26/D27) -> -0.005917177 | L26: =LN(E26/E27) -> 0.0062176624 | M26: =LN(F26/F27) -> -0.0021886636 | N26: =LN(G26/G27) -> 0.0029455102 | O26: =LN(H26/H27) -> 0.0051527245
B27: 45384 | C27: =VLOOKUP(B27, SAN.MC!$A$1:$G$256, 6, 0) -> 4.515 | D27: =VLOOKUP(B27, TEF.MC!$A$1:$G$256, 6, 0) -> 4.068 | E27: =VLOOKUP(B27, ACS.MC!$A$1:$G$256, 6, 0) -> 38.48 | F27: =VLOOKUP(B27, IBE.MC!$A$1:$G$256, 6, 0) -> 11.435 | G27: =VLOOKUP(B27, IAG.MC!$A$1:$G$256, 6, 0) -> 2.034 | H27: =VLOOKUP(B27, IBEX35!$A$1:$G$256, 6, 0) -> 10975.6 | J27: =LN(C27/C28) -> -0.0014386103 | K27: =LN(D27/D28) -> -0.0051489632 | L27: =LN(E27/E28) -> -0.0077659982 | M27: =LN(F27/F28) -> -0.0052333307 | N27: =LN(G27/G28) -> -0.01754431 | O27: =LN(H27/H28) -> -0.008979571
B28: 45379 | C28: =VLOOKUP(B28, SAN.MC!$A$1:$G$256, 6, 0) -> 4.5215 | D28: =VLOOKUP(B28, TEF.MC!$A$1:$G$256, 6, 0) -> 4.089 | E28: =VLOOKUP(B28, ACS.MC!$A$1:$G$256, 6, 0) -> 38.779999 | F28: =VLOOKUP(B28, IBE.MC!$A$1:$G$256, 6, 0) -> 11.495 | G28: =VLOOKUP(B28, IAG.MC!$A$1:$G$256, 6, 0) -> 2.07 | H28: =VLOOKUP(B28, IBEX35!$A$1:$G$256, 6, 0) -> 11074.6 | J28: =LN(C28/C29) -> 0.0040999559 | K28: =LN(D28/D29) -> 0 | L28: =LN(E28/E29) -> -0.031974355 | M28: =LN(F28/F29) -> -0.0099546375 | N28: =LN(G28/G29) -> 0.035401927 | O28: =LN(H28/H29) -> -0.0033084284
... B262: 45048 | C262: =VLOOKUP(B262, SAN.MC!$A$1:$G$256, 6, 0) -> 3.033563 | D262: =VLOOKUP(B262, TEF.MC!$A$1:$G$256, 6, 0) -> 3.743895 | E262: =VLOOKUP(B262, ACS.MC!$A$1:$G$256, 6, 0) -> 28.913179 | F262: =VLOOKUP(B262, IBE.MC!$A$1:$G$256, 6, 0) -> 11.244502 | G262: =VLOOKUP(B262, IAG.MC!$A$1:$G$256, 6, 0) -> 1.7235 | H262: =VLOOKUP(B262, IBEX35!$A$1:$G$256, 6, 0) -> 9082 | J262: =LN(C262/C263) -> -0.026231571 | K262: =LN(D262/D263) -> -0.019090129 | L262: =LN(E262/E263) -> -0.0044972975 | M262: =LN(F262/F263) -> -0.00212447 | N262: =LN(G262/G263) -> -0.0028968734 | O262: =LN(H262/H263) -> -0.017355672
B263: 45044 | C263: =VLOOKUP(B263, SAN.MC!$A$1:$G$256, 6, 0) -> 3.114191 | D263: =VLOOKUP(B263, TEF.MC!$A$1:$G$256, 6, 0) -> 3.816053 | E263: =VLOOKUP(B263, ACS.MC!$A$1:$G$256, 6, 0) -> 29.043503 | F263: =VLOOKUP(B263, IBE.MC!$A$1:$G$256, 6, 0) -> 11.268416 | G263: =VLOOKUP(B263, IAG.MC!$A$1:$G$256, 6, 0) -> 1.7285 | H263: =VLOOKUP(B263, IBEX35!$A$1:$G$256, 6, 0) -> 9241 | J263: - | K263: - | L263: - | M263: - | N263: - | O263: -

Sheet IBEX35
A1: Date | B1: Open | C1: High | D1: Low | E1: Close | F1: Adj Close | G1: Volume
A2: 45044 | B2: 9336.0996 | C2: 9338.9004 | D2: 9159.7998 | E2: 9241 | F2: 9241 | G2: 233876400
A3: 45048 | B3: 9257.5 | C3: 9264.9004 | D3: 9069.0996 | E3: 9082 | F3: 9082 | G3: 172428700
A4: 45049 | B4: 9117.7998 | C4: 9132.2002 | D4: 9035.0996 | E4: 9076.7002 | F4: 9076.7002 | G4: 136589900
A5: 45050 | B5: 9053.7002 | C5: 9056.5996 | D5: 8967.2998 | E5: 9043.5996 | F5: 9043.5996 | G5: 150274800
A6: 45051 | B6: 9097.2998 | C6: 9147.2998 | D6: 9047.7002 | E6: 9147.2998 | F6: 9147.2998 | G6: 144355000
A7: 45054 | B7: 9162.2998 | C7: 9221.7998 | D7: 9157.9004 | E7: 9211.2998 | F7: 9211.2998 | G7: 81672300
A8: 45055 | B8: 9202.0996 | C8: 9219.5 | D8: 9130.2002 | E8: 9183.2002 | F8: 9183.2002 | G8: 113458000
A9: 45056 | B9: 9219.7998 | C9: 9223.2998 | D9: 9143.7998 | E9: 9167.7002 | F9: 9167.7002 | G9: 103618500
A10: 45057 | B10: 9166.0996 | C10: 9215.0996 | D10: 9118 | E10: 9182.7998 | F10: 9182.7998 | G10: 139070300
A11: 45058 | B11: 9218.5996 | C11: 9276.9004 | D11: 9213.9004 | E11: 9234.0996 | F11: 9234.0996 | G11: 106389900
A12: 45061 | B12: 9269.0996 | C12: 9279.5 | D12: 9162.2998 | E12: 9201.5 | F12: 9201.5 | G12: 92014700
A13: 45062 | B13: 9181.2002 | C13: 9241.9004 | D13: 9174.9004 | E13: 9191.4004 | F13: 9191.4004 | G13: 91133400
... A256: 45408 | B256: 11044.5 | C256: 11168.7 | D256: 11037 | E256: 11154.6 | F256: 11154.6 | G256: 188579200

Sheet SAN.MC
A1: Date | B1: Open | C1: High | D1: Low | E1: Close | F1: Adj Close | G1: Volume
A2: 45044 | B2: 3.25 | C2: 3.268 | D2: 3.126 | E2: 3.1865 | F2: 3.114191 | G2: 125395501
A3: 45048 | B3: 3.1815 | C3: 3.216 | D3: 3.0935 | E3: 3.104 | F3: 3.033563 | G3: 93505892
A4: 45049 | B4: 3.1315 | C4: 3.147 | D4: 3.092 | E4: 3.12 | F4: 3.0492 | G4: 141786887
A5: 45050 | B5: 3.1055 | C5: 3.1245 | D5: 3.0385 | E5: 3.057 | F5: 2.98763 | G5: 61102930
A6: 45051 | B6: 3.07 | C6: 3.164 | D6: 3.062 | E6: 3.149 | F6: 3.077542 | G6: 67680769
A7: 45054 | B7: 3.1635 | C7: 3.2075 | D7: 3.1595 | E7: 3.187 | F7: 3.11468 | G7: 16677302
A8: 45055 | B8: 3.1715 | C8: 3.206 | D8: 3.147 | E8: 3.185 | F8: 3.112725 | G8: 23043855
A9: 45056 | B9: 3.212 | C9: 3.2345 | D9: 3.135 | E9: 3.1435 | F9: 3.072167 | G9: 27350971
A10: 45057 | B10: 3.154 | C10: 3.168 | D10: 3.083 | E10: 3.139 | F10: 3.067769 | G10: 29663864
A11: 45058 | B11: 3.1555 | C11: 3.1805 | D11: 3.139 | E11: 3.1425 | F11: 3.071189 | G11: 23564547
A12: 45061 | B12: 3.17 | C12: 3.1775 | D12: 3.1195 | E12: 3.148 | F12: 3.076565 | G12: 17650166
A13: 45062 | B13: 3.1175 | C13: 3.174 | D13: 3.1175 | E13: 3.1395 | F13: 3.068258 | G13: 17437130
... A256: 45408 | B256: 4.81 | C256: 4.899 | D256: 4.793 | E256: 4.8505 | F256: 4.8505 | G256: 50744722

Sheet TEF.MC
A1: Date | B1: Open | C1: High | D1: Low | E1: Close | F1: Adj Close | G1: Volume
A2: 45044 | B2: 4.135 | C2: 4.147 | D2: 4.088 | E2: 4.125 | F2: 3.816053 | G2: 66471194
A3: 45048 | B3: 4.111 | C3: 4.111 | D3: 4.033 | E3: 4.047 | F3: 3.743895 | G3: 12313138
A4: 45049 | B4: 4.03 | C4: 4.081 | D4: 4.025 | E4: 4.073 | F4: 3.767947 | G4: 4866190
A5: 45050 | B5: 4.075 | C5: 4.08 | D5: 3.985 | E5: 4.007 | F5: 3.706891 | G5: 16622387
A6: 45051 | B6: 4.009 | C6: 4.052 | D6: 3.978 | E6: 4.025 | F6: 3.723542 | G6: 8190857
A7: 45054 | B7: 4.023 | C7: 4.045 | D7: 4.011 | E7: 4.013 | F7: 3.712441 | G7: 3945467
A8: 45055 | B8: 4.011 | C8: 4.028 | D8: 4 | E8: 4.007 | F8: 3.706891 | G8: 6223155
A9: 45056 | B9: 4.019 | C9: 4.049 | D9: 3.991 | E9: 4.03 | F9: 3.728168 | G9: 14473831
A10: 45057 | B10: 4.03 | C10: 4.066 | D10: 3.825 | E10: 3.847 | F10: 3.558874 | G10: 76390818
A11: 45058 | B11: 3.87 | C11: 3.929 | D11: 3.87 | E11: 3.878 | F11: 3.587552 | G11: 14774299
A12: 45061 | B12: 3.9 | C12: 3.928 | D12: 3.871 | E12: 3.926 | F12: 3.631957 | G12: 7861848
A13: 45062 | B13: 3.916 | C13: 4 | D13: 3.91 | E13: 3.962 | F13: 3.665261 | G13: 9171819
... A256: 45408 | B256: 4.16 | C256: 4.24 | D256: 4.154 | E256: 4.222 | F256: 4.222 | G256: 16449664

Sheet ACS.MC
A1: Date | B1: Open | C1: High | D1: Low | E1: Close | F1: Adj Close | G1: Volume
A2: 45044 | B2: 30.821609 | C2: 30.969885 | D2: 30.445976 | E2: 30.841379 | F2: 29.043503 | G2: 705391
A3: 45048 | B3: 30.92046 | C3: 31.01931 | D3: 30.525057 | E3: 30.702988 | F3: 28.913179 | G3: 419749
A4: 45049 | B4: 30.643679 | C4: 31.157701 | D4: 30.643679 | E4: 31.147816 | F4: 29.332077 | G4: 484084
A5: 45050 | B5: 31.207127 | C5: 31.207127 | D5: 30.80184 | E5: 30.890804 | F5: 29.090048 | G5: 351360
A6: 45051 | B6: 31.068735 | C6: 31.394941 | D6: 30.930344 | E6: 31.394941 | F6: 29.564796 | G6: 274665
A7: 45054 | B7: 31.305977 | C7: 31.602528 | D7: 31.21701 | E7: 31.602528 | F7: 29.760283 | G7: 259039
A8: 45055 | B8: 31.454252 | C8: 31.622297 | D8: 31.187357 | E8: 31.622297 | F8: 29.7789 | G8: 471707
A9: 45056 | B9: 31.632183 | C9: 31.780458 | D9: 31.474022 | E9: 31.671724 | F9: 29.825445 | G9: 366574
A10: 45057 | B10: 31.572872 | C10: 31.859541 | D10: 31.197241 | E10: 31.315863 | F10: 29.490328 | G10: 341007
A11: 45058 | B11: 31.11816 | C11: 31.760689 | D11: 30.732643 | E11: 30.871035 | F11: 29.07143 | G11: 552532
A12: 45061 | B12: 31.01931 | C12: 31.01931 | D12: 30.090115 | E12: 30.406437 | F12: 28.633917 | G12: 845760
A13: 45062 | B13: 30.43609 | C13: 30.683218 | D13: 30.376781 | E13: 30.584368 | F13: 28.801476 | G13: 334653
... A256: 45408 | B256: 38.040001 | C256: 38.080002 | D256: 37.700001 | E256: 37.82 | F256: 37.82 | G256: 522897

Sheet IBE.MC
A1: Date | B1: Open | C1: High | D1: Low | E1: Close | F1: Adj Close | G1: Volume
A2: 45044 | B2: 11.87 | C2: 11.91 | D2: 11.685 | E2: 11.78 | F2: 11.268416 | G2: 36476294
A3: 45048 | B3: 11.83 | C3: 11.835 | D3: 11.69 | E3: 11.755 | F3: 11.244502 | G3: 11557192
A4: 45049 | B4: 11.8 | C4: 11.83 | D4: 11.69 | E4: 11.73 | F4: 11.220588 | G4: 10314396
A5: 45050 | B5: 11.675 | C5: 11.855 | D5: 11.615 | E5: 11.845 | F5: 11.330594 | G5: 9266604
A6: 45051 | B6: 11.895 | C6: 11.91 | D6: 11.735 | E6: 11.8 | F6: 11.287548 | G6: 7838993
A7: 45054 | B7: 11.765 | C7: 11.82 | D7: 11.745 | E7: 11.8 | F7: 11.287548 | G7: 4459476
A8: 45055 | B8: 11.75 | C8: 11.79 | D8: 11.675 | E8: 11.79 | F8: 11.277982 | G8: 9052544
A9: 45056 | B9: 11.81 | C9: 11.83 | D9: 11.725 | E9: 11.775 | F9: 11.263634 | G9: 4704841
A10: 45057 | B10: 11.8 | C10: 11.825 | D10: 11.665 | E10: 11.77 | F10: 11.258852 | G10: 12893626
A11: 45058 | B11: 11.825 | C11: 11.925 | D11: 11.815 | E11: 11.865 | F11: 11.349725 | G11: 10668071
A12: 45061 | B12: 11.92 | C12: 11.92 | D12: 11.795 | E12: 11.84 | F12: 11.325811 | G12: 6748737
A13: 45062 | B13: 11.88 | C13: 11.95 | D13: 11.805 | E13: 11.845 | F13: 11.330594 | G13: 8405587
... A256: 45408 | B256: 11.52 | C256: 11.66 | D256: 11.515 | E256: 11.61 | F256: 11.61 | G256: 6730718

Sheet IAG.MC
A1: Date | B1: Open | C1: High | D1: Low | E1: Close | F1: Adj Close | G1: Volume
A2: 45044 | B2: 1.693 | C2: 1.732 | D2: 1.6635 | E2: 1.7285 | F2: 1.7285 | G2: 8942608
A3: 45048 | B3: 1.74 | C3: 1.77 | D3: 1.709 | E3: 1.7235 | F3: 1.7235 | G3: 13915974
A4: 45049 | B4: 1.736 | C4: 1.736 | D4: 1.6425 | E4: 1.6915 | F4: 1.6915 | G4: 12849260
A5: 45050 | B5: 1.688 | C5: 1.699 | D5: 1.65 | E5: 1.679 | F5: 1.679 | G5: 8788590
A6: 45051 | B6: 1.7365 | C6: 1.778 | D6: 1.6765 | E6: 1.72 | F6: 1.72 | G6: 19397187
A7: 45054 | B7: 1.7225 | C7: 1.738 | D7: 1.715 | E7: 1.7215 | F7: 1.7215 | G7: 4572490
A8: 45055 | B8: 1.745 | C8: 1.793 | D8: 1.733 | E8: 1.7895 | F8: 1.7895 | G8: 15588924
A9: 45056 | B9: 1.793 | C9: 1.797 | D9: 1.767 | E9: 1.7755 | F9: 1.7755 | G9: 8438223
A10: 45057 | B10: 1.77 | C10: 1.804 | D10: 1.7655 | E10: 1.773 | F10: 1.773 | G10: 9820833
A11: 45058 | B11: 1.792 | C11: 1.798 | D11: 1.7685 | E11: 1.775 | F11: 1.775 | G11: 4990421
A12: 45061 | B12: 1.789 | C12: 1.796 | D12: 1.766 | E12: 1.7785 | F12: 1.7785 | G12: 4582742
A13: 45062 | B13: 1.771 | C13: 1.7945 | D13: 1.75 | E13: 1.7875 | F13: 1.7875 | G13: 5915099
... A256: 45408 | B256: 2.07 | C256: 2.082 | D256: 2.055 | E256: 2.055 | F256: 2.055 | G256: 9379785
