Workbook

Sheet Ejercicio 1
B4: En la pestaña Pólizas se muestran las características de 10 pólizas de seguros de rentas vitalicias, cuya provisión matemática debe estimarse a partir de la información relativa a tasas de mortalidad de la pestaña Hip. Actuarial.
B5: Para ello, se dispone de la pestaña Cálculo provisión, para desarrollar una calculadora de flujos de las pólizas.
B7: El producto ofertado a los clientes puede incluir flujos anuales y también un flujo final a abonar en el momento del fallecimiento.
B8: Asumiremos un tipo de interés constante del 1% para descontar los flujos probabilizados de los distintos seguros.
B9: Las columnas H e I de la pestaña Hip. Actuarial reflejan la probabilidad de fallecimiento para cada determinada edad, incluyendo el factor de mejora correspondiente, que depende del año de cálculo.

Sheet Pólizas
L2: ID | M2: 1
B3: # | C3: Edad | D3: Sexo | E3: Flujo anual | F3: Flujo final | G3: Provisión matemática | K3: =IFERROR( 'Cálculo provisión'!L9, -1) -> 355072.84
B4: 1 | C4: 60 | D4: Mujer | E4: 12000 | F4: 20000 | G4: =K4 -> 355072.84 | J4: 1 | K4: 355072.84 | L4: IMPORTANTE : | M4: cuando haga la tabla de datos tengo que coger toda la tabla
B5: 2 | C5: 54 | D5: Mujer | E5: 10000 | G5: =K5 -> 325731.29 | J5: 2 | K5: 325731.29 | M5: y en columna referenciar a la celda donde pone 1
B6: 3 | C6: 65 | D6: Hombre | E6: 18000 | F6: 100000 | G6: =K6 -> 492996.22 | J6: 3 | K6: 492996.22
B7: 4 | C7: 57 | D7: Mujer | E7: 15000 | F7: 20000 | G7: =K7 -> 471518.1 | J7: 4 | K7: 471518.1
B8: 5 | C8: 46 | D8: Hombre | E8: 16000 | F8: 40000 | G8: =K8 -> 589730.48 | J8: 5 | K8: 589730.48
B9: 6 | C9: 66 | D9: Hombre | E9: 12000 | G9: =K9 -> 270222.21 | J9: 6 | K9: 270222.21
B10: 7 | C10: 72 | D10: Mujer | E10: 20000 | G10: =K10 -> 389805.32 | J10: 7 | K10: 389805.32
B11: 8 | C11: 59 | D11: Mujer | E11: 10000 | F11: 10000 | G11: =K11 -> 298187.94 | J11: 8 | K11: 298187.94
B12: 9 | C12: 68 | D12: Hombre | E12: 12000 | F12: 50000 | G12: =K12 -> 293796.13 | J12: 9 | K12: 293796.13
B13: 10 | C13: 62 | D13: Mujer | E13: 25000 | F13: 100000 | G13: =K13 -> 746623.65 | J13: 10 | K13: 746623.65

Sheet Cálculo provisión
B3: Edad | C3: =VLOOKUP(Pólizas!$M$2,Pólizas!$B$4:$F$13,2) -> 60
B4: Sexo | C4: =VLOOKUP(Pólizas!$M$2,Pólizas!$B$4:$F$13,3) -> Mujer
B5: Flujo anual | C5: =VLOOKUP(Pólizas!$M$2,Pólizas!$B$4:$F$13,4) -> 12000
B6: Flujo final | C6: =VLOOKUP(Pólizas!$M$2,Pólizas!$B$4:$F$13,5) -> 20000
E8: Tasa descuento | F8: 0.01
K9: Provisón matemática: | L9: =SUM(L12:L112) -> 355072.84
C11: T | D11: Edad | E11: FD(1) | F11: FD(t) | G11: qx | H11: Px | I11: tPx | J11: Flujo anual | K11: Flujo final | L11: Flujos totales
C12: 0 | D12: =$C$3 +C12 -> 60 | E12: =1/(1+$F$8) -> 0.99009901 | F12: =1/(1+$F$8)^(C12+1) -> 0.99009901 | G12: =IFERROR( IF($C$4="Hombre", VLOOKUP(D12, 'Hip Actuarial'!$B$8:$I$118, 7, 0), VLOOKUP(D12, 'Hip Actuarial'!$B$8:$I$118, 8, 0) ), 1) -> 0.00091679047 | H12: =1-G12 -> 0.99908321 | I12: 1 | J12: =$C$5*I12*F12*H12 -> 11870.296 | K12: =$C$6*(I12*G12)*F12 -> 18.154267 | L12: =J12+K12 -> 11888.45
C13: 1 | D13: =$C$3 +C13 -> 61 | E13: =1/(1+$F$8) -> 0.99009901 | F13: =1/(1+$F$8)^(C13+1) -> 0.98029605 | G13: =IFERROR( IF($C$4="Hombre", VLOOKUP(D13, 'Hip Actuarial'!$B$8:$I$118, 7, 0), VLOOKUP(D13, 'Hip Actuarial'!$B$8:$I$118, 8, 0) ), 1 ) -> 0.0009698602 | H13: =1-G13 -> 0.99903014 | I13: =I12*H12 -> 0.99908321 | J13: =$C$5*I13*F13*H13 -> 11741.369 | K13: =$C$6*(I13*G13)*F13 -> 18.99757 | L13: =J13+K13 -> 11760.367
C14: 2 | D14: =$C$3 +C14 -> 62 | E14: =1/(1+$F$8) -> 0.99009901 | F14: =1/(1+$F$8)^(C14+1) -> 0.97059015 | G14: =IFERROR( IF($C$4="Hombre", VLOOKUP(D14, 'Hip Actuarial'!$B$8:$I$118, 7, 0), VLOOKUP(D14, 'Hip Actuarial'!$B$8:$I$118, 8, 0) ), 1 ) -> 0.0010379706 | H14: =1-G14 -> 0.99896203 | I14: =I13*H13 -> 0.99811424 | J14: =$C$5*I14*F14*H14 -> 11613.052 | K14: =$C$6*(I14*G14)*F14 -> 20.110885 | L14: =J14+K14 -> 11633.163
C15: 3 | D15: =$C$3 +C15 -> 63 | E15: =1/(1+$F$8) -> 0.99009901 | F15: =1/(1+$F$8)^(C15+1) -> 0.96098034 | G15: =IFERROR( IF($C$4="Hombre", VLOOKUP(D15, 'Hip Actuarial'!$B$8:$I$118, 7, 0), VLOOKUP(D15, 'Hip Actuarial'!$B$8:$I$118, 8, 0) ), 1 ) -> 0.0011135978 | H15: =1-G15 -> 0.9988864 | I15: =I14*H14 -> 0.99707823 | J15: =$C$5*I15*F15*H15 -> 11485.267 | K15: =$C$6*(I15*G15)*F15 -> 21.340378 | L15: =J15+K15 -> 11506.607
C16: 4 | D16: =$C$3 +C16 -> 64 | E16: =1/(1+$F$8) -> 0.99009901 | F16: =1/(1+$F$8)^(C16+1) -> 0.95146569 | G16: =IFERROR( IF($C$4="Hombre", VLOOKUP(D16, 'Hip Actuarial'!$B$8:$I$118, 7, 0), VLOOKUP(D16, 'Hip Actuarial'!$B$8:$I$118, 8, 0) ), 1 ) -> 0.0012042275 | H16: =1-G16 -> 0.99879577 | I16: =I15*H15 -> 0.99596788 | J16: =$C$5*I16*F16*H16 -> 11357.857 | K16: =$C$6*(I16*G16)*F16 -> 22.823224 | L16: =J16+K16 -> 11380.68
C17: 5 | D17: =$C$3 +C17 -> 65 | E17: =1/(1+$F$8) -> 0.99009901 | F17: =1/(1+$F$8)^(C17+1) -> 0.94204524 | G17: =IFERROR( IF($C$4="Hombre", VLOOKUP(D17, 'Hip Actuarial'!$B$8:$I$118, 7, 0), VLOOKUP(D17, 'Hip Actuarial'!$B$8:$I$118, 8, 0) ), 1 ) -> 0.0013025512 | H17: =1-G17 -> 0.99869745 | I17: =I16*H16 -> 0.99476851 | J17: =$C$5*I17*F17*H17 -> 11230.755 | K17: =$C$6*(I17*G17)*F17 -> 24.412855 | L17: =J17+K17 -> 11255.168
C18: 6 | D18: =$C$3 +C18 -> 66 | E18: =1/(1+$F$8) -> 0.99009901 | F18: =1/(1+$F$8)^(C18+1) -> 0.93271805 | G18: =IFERROR( IF($C$4="Hombre", VLOOKUP(D18, 'Hip Actuarial'!$B$8:$I$118, 7, 0), VLOOKUP(D18, 'Hip Actuarial'!$B$8:$I$118, 8, 0) ), 1 ) -> 0.0014161084 | H18: =1-G18 -> 0.99858389 | I18: =I17*H17 -> 0.99347277 | J18: =$C$5*I18*F18*H18 -> 11103.813 | K18: =$C$6*(I18*G18)*F18 -> 26.24417 | L18: =J18+K18 -> 11130.058
C19: 7 | D19: =$C$3 +C19 -> 67 | E19: =1/(1+$F$8) -> 0.99009901 | F19: =1/(1+$F$8)^(C19+1) -> 0.92348322 | G19: =IFERROR( IF($C$4="Hombre", VLOOKUP(D19, 'Hip Actuarial'!$B$8:$I$118, 7, 0), VLOOKUP(D19, 'Hip Actuarial'!$B$8:$I$118, 8, 0) ), 1 ) -> 0.001552425 | H19: =1-G19 -> 0.99844757 | I19: =I18*H18 -> 0.99206591 | J19: =$C$5*I19*F19*H19 -> 10976.807 | K19: =$C$6*(I19*G19)*F19 -> 28.445277 | L19: =J19+K19 -> 11005.253
C20: 8 | D20: =$C$3 +C20 -> 68 | E20: =1/(1+$F$8) -> 0.99009901 | F20: =1/(1+$F$8)^(C20+1) -> 0.91433982 | G20: =IFERROR( IF($C$4="Hombre", VLOOKUP(D20, 'Hip Actuarial'!$B$8:$I$118, 7, 0), VLOOKUP(D20, 'Hip Actuarial'!$B$8:$I$118, 8, 0) ), 1 ) -> 0.0017044495 | H20: =1-G20 -> 0.99829555 | I20: =I19*H19 -> 0.9905258 | J20: =$C$5*I20*F20*H20 -> 10849.602 | K20: =$C$6*(I20*G20)*F20 -> 30.87362 | L20: =J20+K20 -> 10880.476
C21: 9 | D21: =$C$3 +C21 -> 69 | E21: =1/(1+$F$8) -> 0.99009901 | F21: =1/(1+$F$8)^(C21+1) -> 0.90528695 | G21: =IFERROR( IF($C$4="Hombre", VLOOKUP(D21, 'Hip Actuarial'!$B$8:$I$118, 7, 0), VLOOKUP(D21, 'Hip Actuarial'!$B$8:$I$118, 8, 0) ), 1 ) -> 0.0018798918 | H21: =1-G21 -> 0.99812011 | I21: =I20*H20 -> 0.9888375 | J21: =$C$5*I21*F21*H21 -> 10721.986 | K21: =$C$6*(I21*G21)*F21 -> 33.656894 | L21: =J21+K21 -> 10755.643
C22: 10 | D22: =$C$3 +C22 -> 70 | E22: =1/(1+$F$8) -> 0.99009901 | F22: =1/(1+$F$8)^(C22+1) -> 0.89632372 | G22: =IFERROR( IF($C$4="Hombre", VLOOKUP(D22, 'Hip Actuarial'!$B$8:$I$118, 7, 0), VLOOKUP(D22, 'Hip Actuarial'!$B$8:$I$118, 8, 0) ), 1 ) -> 0.0020865762 | H22: =1-G22 -> 0.99791342 | I22: =I21*H21 -> 0.98697859 | J22: =$C$5*I22*F22*H22 -> 10593.677 | K22: =$C$6*(I22*G22)*F22 -> 36.91789 | L22: =J22+K22 -> 10630.595
C23: 11 | D23: =$C$3 +C23 -> 71 | E23: =1/(1+$F$8) -> 0.99009901 | F23: =1/(1+$F$8)^(C23+1) -> 0.88744923 | G23: =IFERROR( IF($C$4="Hombre", VLOOKUP(D23, 'Hip Actuarial'!$B$8:$I$118, 7, 0), VLOOKUP(D23, 'Hip Actuarial'!$B$8:$I$118, 8, 0) ), 1 ) -> 0.0023251813 | H23: =1-G23 -> 0.99767482 | I23: =I22*H22 -> 0.98491918 | J23: =$C$5*I23*F23*H23 -> 10464.401 | K23: =$C$6*(I23*G23)*F23 -> 40.647228 | L23: =J23+K23 -> 10505.048
C24: 12 | D24: =$C$3 +C24 -> 72 | E24: =1/(1+$F$8) -> 0.99009901 | F24: =1/(1+$F$8)^(C24+1) -> 0.8786626 | G24: =IFERROR( IF($C$4="Hombre", VLOOKUP(D24, 'Hip Actuarial'!$B$8:$I$118, 7, 0), VLOOKUP(D24, 'Hip Actuarial'!$B$8:$I$118, 8, 0) ), 1 ) -> 0.0026039161 | H24: =1-G24 -> 0.99739608 | I24: =I23*H23 -> 0.98262907 | J24: =$C$5*I24*F24*H24 -> 10333.814 | K24: =$C$6*(I24*G24)*F24 -> 44.964392 | L24: =J24+K24 -> 10378.779
... C112: 100 | D112: =$C$3 +C112 -> 160 | E112: =1/(1+$F$8) -> 0.99009901 | F112: =1/(1+$F$8)^(C112+1) -> 0.36605071 | G112: =IFERROR( IF($C$4="Hombre", VLOOKUP(D112, 'Hip Actuarial'!$B$8:$I$118, 7, 0), VLOOKUP(D112, 'Hip Actuarial'!$B$8:$I$118, 8, 0) ), 1 ) -> 1 | H112: =1-G112 -> 0 | I112: =I111*H111 -> 0 | J112: =$C$5*I112*F112*H112 -> 0 | K112: =$C$6*(I112*G112)*F112 -> 0 | L112: =J112+K112 -> 0

Sheet Hip Actuarial
F2: Año cálculo: | G2: 2026
B4: Tablas Mortalidad | F4: Edad: | G4: ='Cálculo provisión'!C3 -> 60
F5: Factor de mejora: | G5: =G2-2009 -> 17
B6: Mortalidad | H6: Mortalidad + mejora
B7: Edad | C7: Hombres qx | D7: Mejora Hom | E7: Mujeres qx | F7: Mejora Muj | G7: Mejora | H7: Hombres | I7: Mujeres
B8: 0 | C8: 0.00073 | D8: 0.035936792 | E8: 0.00041 | F8: 0.035945593 | G8: =IF(B8<$G$4,0,IF(B8=$G$4,$G$5,G7+1)) -> 0 | H8: =$C8*(1-$D8)^$G8 -> 0.00073 | I8: =$E8*(1-$F8)^$G8 -> 0.00041
B9: =B8+1 -> 1 | C9: 0.00073 | D9: 0.018262069 | E9: 0.00041 | F9: 0.015924067 | G9: =IF(B9<$G$4,0,IF(B9=$G$4,$G$5,G8+1)) -> 0 | H9: =$C9*(1-$D9)^$G9 -> 0.00073 | I9: =$E9*(1-$F9)^$G9 -> 0.00041
B10: =B9+1 -> 2 | C10: 0.00074 | D10: 0.017688957 | E10: 0.00041 | F10: 0.02110797 | G10: =IF(B10<$G$4,0,IF(B10=$G$4,$G$5,G9+1)) -> 0 | H10: =$C10*(1-$D10)^$G10 -> 0.00074 | I10: =$E10*(1-$F10)^$G10 -> 0.00041
B11: =B10+1 -> 3 | C11: 0.00074 | D11: 0.020996653 | E11: 0.00041 | F11: 0.027067691 | G11: =IF(B11<$G$4,0,IF(B11=$G$4,$G$5,G10+1)) -> 0 | H11: =$C11*(1-$D11)^$G11 -> 0.00074 | I11: =$E11*(1-$F11)^$G11 -> 0.00041
B12: =B11+1 -> 4 | C12: 0.00075 | D12: 0.025502211 | E12: 0.00041 | F12: 0.032929098 | G12: =IF(B12<$G$4,0,IF(B12=$G$4,$G$5,G11+1)) -> 0 | H12: =$C12*(1-$D12)^$G12 -> 0.00075 | I12: =$E12*(1-$F12)^$G12 -> 0.00041
B13: =B12+1 -> 5 | C13: 0.00076 | D13: 0.035782699 | E13: 0.00041 | F13: 0.036394545 | G13: =IF(B13<$G$4,0,IF(B13=$G$4,$G$5,G12+1)) -> 0 | H13: =$C13*(1-$D13)^$G13 -> 0.00076 | I13: =$E13*(1-$F13)^$G13 -> 0.00041
B14: =B13+1 -> 6 | C14: 0.00077 | D14: 0.042665382 | E14: 0.00041 | F14: 0.042150715 | G14: =IF(B14<$G$4,0,IF(B14=$G$4,$G$5,G13+1)) -> 0 | H14: =$C14*(1-$D14)^$G14 -> 0.00077 | I14: =$E14*(1-$F14)^$G14 -> 0.00041
B15: =B14+1 -> 7 | C15: 0.00078 | D15: 0.046844834 | E15: 0.00041 | F15: 0.046428411 | G15: =IF(B15<$G$4,0,IF(B15=$G$4,$G$5,G14+1)) -> 0 | H15: =$C15*(1-$D15)^$G15 -> 0.00078 | I15: =$E15*(1-$F15)^$G15 -> 0.00041
B16: =B15+1 -> 8 | C16: 0.00079 | D16: 0.048511515 | E16: 0.00041 | F16: 0.049006596 | G16: =IF(B16<$G$4,0,IF(B16=$G$4,$G$5,G15+1)) -> 0 | H16: =$C16*(1-$D16)^$G16 -> 0.00079 | I16: =$E16*(1-$F16)^$G16 -> 0.00041
B17: =B16+1 -> 9 | C17: 0.0008 | D17: 0.047904174 | E17: 0.00041 | F17: 0.049766117 | G17: =IF(B17<$G$4,0,IF(B17=$G$4,$G$5,G16+1)) -> 0 | H17: =$C17*(1-$D17)^$G17 -> 0.0008 | I17: =$E17*(1-$F17)^$G17 -> 0.00041
B18: =B17+1 -> 10 | C18: 0.00082 | D18: 0.04429871 | E18: 0.00041 | F18: 0.048728379 | G18: =IF(B18<$G$4,0,IF(B18=$G$4,$G$5,G17+1)) -> 0 | H18: =$C18*(1-$D18)^$G18 -> 0.00082 | I18: =$E18*(1-$F18)^$G18 -> 0.00041
B19: =B18+1 -> 11 | C19: 0.00083 | D19: 0.041103619 | E19: 0.00041 | F19: 0.04668258 | G19: =IF(B19<$G$4,0,IF(B19=$G$4,$G$5,G18+1)) -> 0 | H19: =$C19*(1-$D19)^$G19 -> 0.00083 | I19: =$E19*(1-$F19)^$G19 -> 0.00041
B20: =B19+1 -> 12 | C20: 0.00085 | D20: 0.038245309 | E20: 0.00041 | F20: 0.043735435 | G20: =IF(B20<$G$4,0,IF(B20=$G$4,$G$5,G19+1)) -> 0 | H20: =$C20*(1-$D20)^$G20 -> 0.00085 | I20: =$E20*(1-$F20)^$G20 -> 0.00041
... B118: =B117+1 -> 110 | C118: 1 | D118: 0 | E118: 1 | F118: 0 | G118: =IF(B118<$G$4,0,IF(B118=$G$4,$G$5,G117+1)) -> 67 | H118: =$C118*(1-$D118)^$G118 -> 1 | I118: =$E118*(1-$F118)^$G118 -> 1
