Workbook

Sheet 00_Introduccion
A1: Ejercicio completo de capital regulatorio por Método SA - CRR III
A2: Ejercicio didáctico con 20 clientes, EAD, asignación de RW, RWA y capital regulatorio total al 8%.
A4: Idea del ejercicio
A5: Se da una base de datos con soberanos, instituciones, corporates, retail, hipotecas, default y un caso ADC residencial. La lógica de cálculo es: EAD = importe dispupesto + importe no dispuesto x CCF; RWA = EAD x RW; capital regulatorio total = RWA x 8%. Los RW se asignan con una tabla de reglas en la hoja Reglas_RW, para que el ejercicio sea auditable y fácil de explicar.
A9: Notas metodológicas
A10: 1) El ejercicio usa categorías SA habituales del CRR: corporates, retail, inmuebles residenciales/comerciales, default y ADC residencial. 2) Para simplificar el aprendizaje, algunas decisiones nacionales o matices de elegibilidad no se desarrollan en profundidad; cuando una condición no se cumple, se usa el RW estándar del bloque. 3) El capital regulatorio se muestra con el ratio mínimo del 8% del artículo 92.
A15: Fuentes oficiales de referencia | B15: CRR III, PART THREE-CAPITAL REQUIREMENTS, TITLE II - CAPITAL REQUIEREMENTS FOR CREDIT RISK, CHAPTER 2 - Stadarised approach
B16: Articles 114-134
B17: https://judict.eu/en/hla/32013R0575-X/article-114
A22: FORMULA | B22: EAD_i*RW_i = RWA_i
B23: EAD_i(EAD = DISP+[NO DISPUESTO*CCF]*RW_i= RWA_i
B32: dispuesto en tarjetas
A34: dispuesto
A35: en caso prestamo el dispuesto es todo | B35: no dispuesto

Sheet Reglas_RW
A1: Tabla de reglas de asignación de RW
A3: Regla | B3: RW | C3: Descripción
A4: SOBERANO_UE | B4: 0 | C4: Soberanos / banco central con tratamiento 0% pertenecientes a ECB
A5: SOBERANOS_ECAI | B5: 20%-50% | C5: Soberanos / banco central: Asignación según calidad crediticia (CQS) basada en ratings ECAI conforme tablas CRR III
A6: INST_20 | B6: 0.2 | C6: Exposición a institución con ECAI y Credit Quality Step = 1
A7: CORP_100 | B7: 1 | C7: Exposición corporativa no garantizada
A8: RETAIL_75 | B8: 0.75 | C8: Retail elegible
A9: MORT_RES_35 | B9: 0.35 | C9: Hipoteca residencial elegible
A10: MORT_COMM_60 | B10: 0.6 | C10: Hipoteca comercial elegible
A11: MORT_IPRE | B11: 1.5 | C11: Hipoteca no elegible / artículo 124
A12: DEFAULT_150 | B12: 1.5 | C12: Exposición en default general
A13: ADC_RES_150 | B13: 1.5 | C13: ADC residencial bajo CRR III
A16: Recordatorio
A17: Esta tabla es la base de la lógica de asignación del RW. La columna K de la Base_Datos contiene el código de regla, la columna L recupera el RW mediante VLOOKUP

Sheet Base_Datos
A1: Base de datos de clientes y cálculo de capital regulatorio (SA) | M1: RWA Total | N1: Capital
A2: Importes en EUR millones. | M2: =SUM(M5:M24) -> 360.46875 | N2: =SUM(N5:N24) -> 28.8375
G3: DISP + NODISP*CCF | I3: tengo garantia ? | L3: BUSCRLO E LA TAL DE REGLAS_RW | M3: EAD*RW | N3: 8% DE RWA
A4: Cliente | B4: Segmento | C4: Producto | D4: Dispuesto | E4: No dispuesto | F4: CCF | G4: EAD | H4: Estado | I4: Colateral | J4: Tipo exposición | K4: Regla RW | L4: RW | M4: RWA | N4: Capital 8%
A5: Cliente 15 | B5: Hipoteca comercial | C5: Oficinas | D5: 120 | E5: 0 | F5: 0 | G5: =D5+(E5*F5) -> 120 | H5: Vigente | I5: Hipoteca comercial | J5: Inmueble comercial | K5: MORT_COMM_60 | L5: =VLOOKUP(K5,Reglas_RW!$A$4:$B$13,2, FALSE) -> 0.6 | M5: =G5*L5 -> 72 | N5: =M5*8/100 -> 5.76
A6: Cliente 12 | B6: Hipoteca residencial | C6: Vivienda habitual | D6: 180 | E6: 0 | F6: 0 | G6: =D6+(E6*F6) -> 180 | H6: Vigente | I6: Hipoteca residencial | J6: Inmueble residencial | K6: MORT_RES_35 | L6: =VLOOKUP(K6,Reglas_RW!$A$4:$B$13,2, FALSE) -> 0.35 | M6: =G6*L6 -> 63 | N6: =M6*8/100 -> 5.04
A7: Cliente 14 | B7: ADC residencial | C7: Promoción en construcción | D7: 40 | E7: 0 | F7: 0 | G7: =D7+(E7*F7) -> 40 | H7: Vigente | I7: Proyecto en construcción | J7: ADC residencial | K7: ADC_RES_150 | L7: =VLOOKUP(K7,Reglas_RW!$A$4:$B$13,2, FALSE) -> 1.5 | M7: =G7*L7 -> 60 | N7: =M7*8/100 -> 4.8
A8: Cliente 17 | B8: Hipoteca no elegible | C8: Suelo con garantía parcial | D8: 30 | E8: 0 | F8: 0 | G8: =D8+(E8*F8) -> 30 | H8: Vigente | I8: Garantía no elegible | J8: Inmueble no elegible | K8: MORT_IPRE | L8: =VLOOKUP(K8,Reglas_RW!$A$4:$B$13,2, FALSE) -> 1.5 | M8: =G8*L8 -> 45 | N8: =M8*8/100 -> 3.6
A9: Cliente 16 | B9: Hipoteca comercial | C9: Nave logística | D9: 70 | E9: 0 | F9: 0 | G9: =D9+(E9*F9) -> 70 | H9: Vigente | I9: Hipoteca comercial | J9: Inmueble comercial | K9: MORT_COMM_60 | L9: =VLOOKUP(K9,Reglas_RW!$A$4:$B$13,2, FALSE) -> 0.6 | M9: =G9*L9 -> 42 | N9: =M9*8/100 -> 3.36
A10: Cliente 13 | B10: Hipoteca residencial | C10: Segunda residencia | D10: 95 | E10: 0 | F10: 0 | G10: =D10+(E10*F10) -> 95 | H10: Vigente | I10: Hipoteca residencial | J10: Inmueble residencial | K10: MORT_RES_35 | L10: =VLOOKUP(K10,Reglas_RW!$A$4:$B$13,2, FALSE) -> 0.35 | M10: =G10*L10 -> 33.25 | N10: =M10*8/100 -> 2.66
A11: Cliente 19 | B11: Corporates | C11: Aval financiero | D11: 0 | E11: 12 | F11: 1 | G11: =D11+(E11*F11) -> 12 | H11: Vigente | I11: N/A | J11: Corporates | K11: CORP_100 | L11: =VLOOKUP(K11,Reglas_RW!$A$4:$B$13,2, FALSE) -> 1 | M11: =G11*L11 -> 12 | N11: =M11*8/100 -> 0.96
A12: Cliente 05 | B12: Corporates | C12: Préstamo bilateral | D12: 8 | E12: 0 | F12: 0 | G12: =D12+(E12*F12) -> 8 | H12: Vigente | I12: Sin garantía real | J12: Corporates | K12: CORP_100 | L12: =VLOOKUP(K12,Reglas_RW!$A$4:$B$13,2, FALSE) -> 1 | M12: =G12*L12 -> 8 | N12: =M12*8/100 -> 0.64
A13: Cliente 07 | B13: Corporates | C13: Préstamo inversión | D13: 6.5 | E13: 0 | F13: 0 | G13: =D13+(E13*F13) -> 6.5 | H13: Vigente | I13: Sin garantía real | J13: Corporates | K13: CORP_100 | L13: =VLOOKUP(K13,Reglas_RW!$A$4:$B$13,2, FALSE) -> 1 | M13: =G13*L13 -> 6.5 | N13: =M13*8/100 -> 0.52
A14: Cliente 06 | B14: SME | C14: Línea de circulante | D14: 3.2 | E14: 1.8 | F14: 0.5 | G14: =D14+(E14*F14) -> 4.1 | H14: Vigente | I14: Sin garantía real | J14: Corporates | K14: CORP_100 | L14: =VLOOKUP(K14,Reglas_RW!$A$4:$B$13,2, FALSE) -> 1 | M14: =G14*L14 -> 4.1 | N14: =M14*8/100 -> 0.328
A15: Cliente 08 | B15: Corporates | C15: Préstamo con mora >90 días | D15: 2.4 | E15: 0 | F15: 0 | G15: =D15+(E15*F15) -> 2.4 | H15: Default | I15: Sin garantía real | J15: Exposiciones en default | K15: DEFAULT_150 | L15: =VLOOKUP(K15,Reglas_RW!$A$4:$B$13,2, FALSE) -> 1.5 | M15: =G15*L15 -> 3.6 | N15: =M15*8/100 -> 0.288
A16: Cliente 18 | B16: Retail en default | C16: Préstamo al consumo en mora | D16: 1.8 | E16: 0 | F16: 0 | G16: =D16+(E16*F16) -> 1.8 | H16: Default | I16: Sin garantía real | J16: Exposiciones en default | K16: DEFAULT_150 | L16: =VLOOKUP(K16,Reglas_RW!$A$4:$B$13,2, FALSE) -> 1.5 | M16: =G16*L16 -> 2.7 | N16: =M16*8/100 -> 0.216
... A24: Cliente 02 | B24: Soberano | C24: Letra del Tesoro | D24: 15 | E24: 0 | F24: 0 | G24: =D24+(E24*F24) -> 15 | H24: Vigente | I24: N/A | J24: Soberano / Banco central | K24: SOBERANO_UE | L24: =VLOOKUP(K24,Reglas_RW!$A$4:$B$13,2, FALSE) -> 0 | M24: =G24*L24 -> 0 | N24: =M24*8/100 -> 0

Sheet Hoja1
A3: Cuenta de Cliente | B3: Etiquetas de columna
A4: Etiquetas de fila | B4: 0 | C4: 0.2 | D4: 0.35 | E4: 0.6 | F4: 0.75 | G4: 1 | H4: 1.5 | I4: Total general
A5: ADC residencial | H5: 1 | I5: 1
A6: Corporates | G6: 3 | H6: 1 | I6: 4
A7: Hipoteca comercial | E7: 2 | I7: 2
A8: Hipoteca no elegible | H8: 1 | I8: 1
A9: Hipoteca residencial | D9: 2 | I9: 2
A10: Institución | C10: 2 | I10: 2
A11: Retail | F11: 4 | I11: 4
A12: Retail en default | H12: 1 | I12: 1
A13: SME | G13: 1 | I13: 1
A14: Soberano | B14: 2 | I14: 2
A15: Total general | B15: 2 | C15: 2 | D15: 2 | E15: 2 | F15: 4 | G15: 4 | H15: 4 | I15: 20

Sheet Resumen
A1: Resumen del ejercicio
A2: Los importes agregados se calculan a partir de la base y permiten verificar el impacto total del método SA.
A4: Indicador | B4: Valor | D4: Top 5 por RWA
A5: EAD total | B5: =SUM(Base_Datos!G5:G24) -> 632.625 | D5: Cliente | E5: Regla | F5: EAD | G5: RW | H5: RWA
A6: RWA total | B6: =Base_Datos!M2 -> 360.46875 | D6: Cliente 15 | E6: MORT_COMM_60 | F6: 120 | G6: 72 | H6: =G6*8/100 -> 5.76
A7: Capital regulatorio 8% | B7: =Base_Datos!N2 -> 28.8375 | D7: Cliente 12 | E7: MORT_RES_35 | F7: 180 | G7: 63 | H7: =G7*8/100 -> 5.04
A8: RW medio ponderado | B8: =B6/B5 -> 0.56979846 | D8: Cliente 14 | E8: ADC_RES_150 | F8: 40 | G8: 60 | H8: =G8*8/100 -> 4.8
D9: Cliente 17 | E9: MORT_IPRE | F9: 30 | G9: 45 | H9: =G9*8/100 -> 3.6
D10: Cliente 16 | E10: MORT_COMM_60 | F10: 70 | G10: 42 | H10: =G10*8/100 -> 3.36
A11: Lectura del resultado
